<?xml version="1.0" encoding="UTF-8"?>
<svg width="32" height="32" viewBox="0 0 32 32" xmlns="http://www.w3.org/2000/svg">
  <!-- Main element box -->
  <rect x="1" y="1" width="30" height="30" rx="3" ry="3" fill="#1976D2" stroke="#ffffff" stroke-width="1"/>
  
  <!-- Element symbol -->
  <text x="16" y="18" font-family="Arial, sans-serif" font-weight="bold" font-size="14" fill="white" text-anchor="middle">Pt</text>
  
  <!-- Atomic number -->
  <text x="5" y="8" font-family="Arial, sans-serif" font-size="6" fill="white">78</text>
  
  <!-- Electron orbits -->
  <circle cx="16" cy="16" r="13" fill="none" stroke="rgba(255,255,255,0.3)" stroke-width="0.7" stroke-dasharray="1,1"/>
  <circle cx="16" cy="16" r="9" fill="none" stroke="rgba(255,255,255,0.4)" stroke-width="0.7" stroke-dasharray="1,1"/>
  
  <!-- Electrons -->
  <circle cx="16" cy="3" r="1.2" fill="white"/>
  <circle cx="29" cy="16" r="1.2" fill="white"/>
  <circle cx="16" cy="29" r="1.2" fill="white"/>
  <circle cx="3" cy="16" r="1.2" fill="white"/>
</svg>